Age,Gender,Education Level,Years of Experience,Annual Income (k$)
23,Male,Bachelor's,1,35
25,Female,Bachelor's,2,40
27,Male,Master's,4,55
30,Female,Bachelor's,5,60
32,Male,Master's,7,75
35,Male,Master's,9,90
38,Female,Bachelor's,3,50
40,Male,Master's,12,110
43,Female,PhD,15,140
45,Male,Master's,18,160
28,Female,Bachelor's,4,58
31,Male,Master's,8,85
34,Female,PhD,10,105
37,Male,Master's,13,125
42,Female,PhD,17,150
46,Male,Bachelor's,20,180
29,Male,Master's,6,70
33,Female,Bachelor's,9,95
36,Male,Master's,11,115
39,Female,PhD,16,145
